{
    "count": 3, 
    "expirationTime": 1494578473394, 
    "resultList": {
        "to": 3, 
        "from": 1, 
        "result": [
            {
                "RandomReads": 0.37666667, 
                "AvgWriteSize": 6.777149, 
                "SeqWrites": 0.62333333, 
                "RandomWrites": 2.3233333, 
                "SeqWriteHits": 0.62333333, 
                "RandomReadMisses": 0.0033333302, 
                "HostIOs": 3.3433335, 
                "HostWrites": 2.9466667, 
                "SeqReadHits": 0.02, 
                "ReadResponseTime": 0.10335294, 
                "SeqReadMisses": 0.0, 
                "WriteResponseTime": 0.27549547, 
                "AvgReadSize": 1.5378151, 
                "SeqWriteMisses": 0.0, 
                "RandomWriteMisses": 0.013333321, 
                "timestamp": 1494577800000, 
                "PercentRead": 11.864407, 
                "RandomReadHits": 0.37333333, 
                "PercentWrite": 88.13559, 
                "HostMBWritten": 0.019501952, 
                "AvgIOSize": 6.1555333, 
                "SeqReads": 0.02, 
                "HostMBs": 0.020097656, 
                "HostReads": 0.39666668, 
                "HostMBReads": 0.00059570314, 
                "PercentHit": 99.501495, 
                "WPCount": 23.0, 
                "ResponseTime": 0.25507176, 
                "RandomWriteHits": 2.31
            }, 
            {
                "RandomReads": 0.32333332, 
                "AvgWriteSize": 6.6794868, 
                "SeqWrites": 0.49666667, 
                "RandomWrites": 1.8433334, 
                "SeqWriteHits": 0.49666667, 
                "RandomReadMisses": 0.0066666603, 
                "HostIOs": 2.6833334, 
                "HostWrites": 2.3400002, 
                "SeqReadHits": 0.02, 
                "ReadResponseTime": 0.11683495, 
                "SeqReadMisses": 0.0, 
                "WriteResponseTime": 0.2746524, 
                "AvgReadSize": 1.7766991, 
                "SeqWriteMisses": 0.0, 
                "RandomWriteMisses": 0.0066666603, 
                "timestamp": 1494578100000, 
                "PercentRead": 12.795031, 
                "RandomReadHits": 0.31666666, 
                "PercentWrite": 87.20497, 
                "HostMBWritten": 0.015263672, 
                "AvgIOSize": 6.0521736, 
                "SeqReads": 0.02, 
                "HostMBs": 0.015859375, 
                "HostReads": 0.34333333, 
                "HostMBReads": 0.00059570314, 
                "PercentHit": 99.503105, 
                "WPCount": 6.0, 
                "ResponseTime": 0.25445962, 
                "RandomWriteHits": 1.8366667
            }, 
            {
                "RandomReads": 0.37333333, 
                "AvgWriteSize": 6.7977777, 
                "SeqWrites": 0.63666666, 
                "RandomWrites": 2.3633332, 
                "SeqWriteHits": 0.63666666, 
                "RandomReadMisses": 0.00999999, 
                "HostIOs": 3.3933334, 
                "HostWrites": 3.0, 
                "SeqReadHits": 0.02, 
                "ReadResponseTime": 0.10923728, 
                "SeqReadMisses": 0.0, 
                "WriteResponseTime": 0.26763222, 
                "AvgReadSize": 1.6694915, 
                "SeqWriteMisses": 0.0, 
                "RandomWriteMisses": 0.013333321, 
                "timestamp": 1494578400000, 
                "PercentRead": 11.591355, 
                "RandomReadHits": 0.36333334, 
                "PercentWrite": 88.408646, 
                "HostMBWritten": 0.019915365, 
                "AvgIOSize": 6.2033396, 
                "SeqReads": 0.02, 
                "HostMBs": 0.02055664, 
                "HostReads": 0.39333335, 
                "HostMBReads": 0.00064127607, 
                "PercentHit": 99.31238, 
                "WPCount": 9.0, 
                "ResponseTime": 0.2492721, 
                "RandomWriteHits": 2.35
            }
        ]
    }, 
    "id": "a3a50ec3-3841-4afb-b75e-c7a911c8f1f4_0", 
    "maxPageSize": 1000
}