{
    "count": 3, 
    "expirationTime": 1494578473425, 
    "resultList": {
        "to": 3, 
        "from": 1, 
        "result": [
            {
                "RandomReads": 5.72, 
                "AvgWriteSize": 0.5, 
                "SeqWrites": 0.41666666, 
                "RandomWrites": 3.2833333, 
                "SeqWriteHits": 0.41666666, 
                "RandomReadMisses": 0.0, 
                "HostIOs": 9.633333, 
                "HostWrites": 3.7, 
                "SeqReadHits": 0.21333334, 
                "ReadResponseTime": 0.10171237, 
                "SeqReadMisses": 0.0, 
                "WriteResponseTime": 0.2084, 
                "AvgReadSize": 7.387641, 
                "SeqWriteMisses": 0.0, 
                "RandomWriteMisses": 0.0033333302, 
                "timestamp": 1494577800000, 
                "PercentRead": 61.59169, 
                "RandomReadHits": 5.72, 
                "PercentWrite": 38.408306, 
                "HostMBWritten": 0.0018066406, 
                "AvgIOSize": 4.742214, 
                "SeqReads": 0.21333334, 
                "HostMBs": 0.044612627, 
                "HostReads": 5.933333, 
                "HostMBReads": 0.04280599, 
                "PercentHit": 99.965385, 
                "WPCount": 2.0, 
                "ResponseTime": 0.14268927, 
                "RandomWriteHits": 3.28
            }, 
            {
                "RandomReads": 5.5866666, 
                "AvgWriteSize": 0.50043744, 
                "SeqWrites": 0.40666667, 
                "RandomWrites": 3.4033334, 
                "SeqWriteHits": 0.40666667, 
                "RandomReadMisses": 0.0, 
                "HostIOs": 9.606667, 
                "HostWrites": 3.8100002, 
                "SeqReadHits": 0.21, 
                "ReadResponseTime": 0.10417366, 
                "SeqReadMisses": 0.0, 
                "WriteResponseTime": 0.22153541, 
                "AvgReadSize": 7.223692, 
                "SeqWriteMisses": 0.0, 
                "RandomWriteMisses": 0.01666665, 
                "timestamp": 1494578100000, 
                "PercentRead": 60.340042, 
                "RandomReadHits": 5.5866666, 
                "PercentWrite": 39.65996, 
                "HostMBWritten": 0.0018619791, 
                "AvgIOSize": 4.557252, 
                "SeqReads": 0.21, 
                "HostMBs": 0.042753905, 
                "HostReads": 5.7966666, 
                "HostMBReads": 0.040891927, 
                "PercentHit": 99.826515, 
                "WPCount": 3.0, 
                "ResponseTime": 0.15071929, 
                "RandomWriteHits": 3.3866668
            }, 
            {
                "RandomReads": 6.3433332, 
                "AvgWriteSize": 0.49958578, 
                "SeqWrites": 0.46333334, 
                "RandomWrites": 3.56, 
                "SeqWriteHits": 0.46333334, 
                "RandomReadMisses": 0.0, 
                "HostIOs": 10.379999, 
                "HostWrites": 4.023333, 
                "SeqReadHits": 0.013333334, 
                "ReadResponseTime": 0.09060567, 
                "SeqReadMisses": 0.0, 
                "WriteResponseTime": 0.20767939, 
                "AvgReadSize": 1.3990562, 
                "SeqWriteMisses": 0.0, 
                "RandomWriteMisses": 0.0066666603, 
                "timestamp": 1494578400000, 
                "PercentRead": 61.239563, 
                "RandomReadHits": 6.3433332, 
                "PercentWrite": 38.760437, 
                "HostMBWritten": 0.0019628906, 
                "AvgIOSize": 1.0504175, 
                "SeqReads": 0.013333334, 
                "HostMBs": 0.010647787, 
                "HostReads": 6.3566666, 
                "HostMBReads": 0.008684896, 
                "PercentHit": 99.935776, 
                "WPCount": 4.0, 
                "ResponseTime": 0.13598396, 
                "RandomWriteHits": 3.5533333
            }
        ]
    }, 
    "id": "33a36aae-833f-43ed-90a8-abaf44d08848_0", 
    "maxPageSize": 1000
}