{
    "count": 3, 
    "expirationTime": 1494578475019, 
    "resultList": {
        "to": 3, 
        "from": 1, 
        "result": [
            {
                "HostReads": 3857.5034, 
                "HostWrites": 5250.593, 
                "HostMBReads": 83.11544, 
                "HostMBWritten": 56.293427, 
                "PercentHit": 94.17187, 
                "timestamp": 1494577800000, 
                "PercentCacheWP": 1.4996926, 
                "PercentReads": 42.354115, 
                "FEWriteHitReqs": 5174.943, 
                "WPCount": 26484.0, 
                "PercentWrites": 57.64588, 
                "ReadResponseTime": 0.15341133, 
                "FEWriteMissReqs": 3.4136581, 
                "WriteResponseTime": 0.59806794, 
                "FEReadMissReqs": 520.12976, 
                "SystemMaxWPLimit": 1765962.0, 
                "FEReadHitReqs": 3284.5603, 
                "HostIOs": 8807.027, 
                "SystemWPEvents": 0.0
            }, 
            {
                "HostReads": 3872.2534, 
                "HostWrites": 4875.317, 
                "HostMBReads": 96.28377, 
                "HostMBWritten": 62.348244, 
                "PercentHit": 92.88438, 
                "timestamp": 1494578100000, 
                "PercentCacheWP": 1.1845101, 
                "PercentReads": 43.74005, 
                "FEWriteHitReqs": 5244.1167, 
                "WPCount": 20918.0, 
                "PercentWrites": 56.25995, 
                "ReadResponseTime": 0.17759094, 
                "FEWriteMissReqs": 8.803467, 
                "WriteResponseTime": 0.6896057, 
                "FEReadMissReqs": 655.57336, 
                "SystemMaxWPLimit": 1765962.0, 
                "FEReadHitReqs": 3428.38, 
                "HostIOs": 8900.803, 
                "SystemWPEvents": 0.0
            }, 
            {
                "HostReads": 3955.3567, 
                "HostWrites": 4693.497, 
                "HostMBReads": 102.77425, 
                "HostMBWritten": 61.32439, 
                "PercentHit": 92.698044, 
                "timestamp": 1494578400000, 
                "PercentCacheWP": 0.87567, 
                "PercentReads": 46.380253, 
                "FEWriteHitReqs": 4714.6895, 
                "WPCount": 15464.0, 
                "PercentWrites": 53.619743, 
                "ReadResponseTime": 0.17758664, 
                "FEWriteMissReqs": 15.193695, 
                "WriteResponseTime": 0.7117812, 
                "FEReadMissReqs": 628.92285, 
                "SystemMaxWPLimit": 1765962.0, 
                "FEReadHitReqs": 3462.3538, 
                "HostIOs": 8286.304, 
                "SystemWPEvents": 0.0
            }
        ]
    }, 
    "id": "3c41fedb-d716-4150-a505-0a3204fee22f_0", 
    "maxPageSize": 1000
}