{
    "count": 3, 
    "expirationTime": 1494578473097, 
    "resultList": {
        "to": 3, 
        "from": 1, 
        "result": [
            {
                "RandomReads": 3199.7766, 
                "AvgWriteSize": 11.32059, 
                "SeqWrites": 140.80667, 
                "RandomWrites": 4737.52, 
                "SeqWriteHits": 140.8, 
                "RandomReadMisses": 382.3567, 
                "HostIOs": 8598.04, 
                "HostWrites": 4878.3267, 
                "SeqReadHits": 427.95334, 
                "ReadResponseTime": 0.15087797, 
                "SeqReadMisses": 91.98331, 
                "WriteResponseTime": 0.61559784, 
                "AvgReadSize": 22.109367, 
                "SeqWriteMisses": 0.006668091, 
                "RandomWriteMisses": 0.080078125, 
                "timestamp": 1494577800000, 
                "PercentRead": 43.26234, 
                "RandomReadHits": 2817.42, 
                "PercentWrite": 56.737663, 
                "HostMBWritten": 53.931187, 
                "AvgIOSize": 15.988068, 
                "SeqReads": 519.93665, 
                "HostMBs": 134.24419, 
                "HostReads": 3719.7134, 
                "HostMBReads": 80.312996, 
                "PercentHit": 94.482155, 
                "WPCount": 12338.0, 
                "ResponseTime": 0.41454914, 
                "RandomWriteHits": 4737.44
            }, 
            {
                "RandomReads": 2995.13, 
                "AvgWriteSize": 8.299677, 
                "SeqWrites": 109.64, 
                "RandomWrites": 4306.8535, 
                "SeqWriteHits": 109.636665, 
                "RandomReadMisses": 506.45996, 
                "HostIOs": 8087.0205, 
                "HostWrites": 4416.4937, 
                "SeqReadHits": 553.85, 
                "ReadResponseTime": 0.16479217, 
                "SeqReadMisses": 121.54669, 
                "WriteResponseTime": 0.65638566, 
                "AvgReadSize": 21.92841, 
                "SeqWriteMisses": 0.0033340454, 
                "RandomWriteMisses": 0.080078125, 
                "timestamp": 1494578100000, 
                "PercentRead": 45.387875, 
                "RandomReadHits": 2488.67, 
                "PercentWrite": 54.612125, 
                "HostMBWritten": 35.796356, 
                "AvgIOSize": 14.485469, 
                "SeqReads": 675.39667, 
                "HostMBs": 114.39871, 
                "HostReads": 3670.5266, 
                "HostMBReads": 78.602356, 
                "PercentHit": 92.23335, 
                "WPCount": 7022.0, 
                "ResponseTime": 0.4332618, 
                "RandomWriteHits": 4306.7734
            }, 
            {
                "RandomReads": 2978.7266, 
                "AvgWriteSize": 7.866866, 
                "SeqWrites": 108.94, 
                "RandomWrites": 4100.697, 
                "SeqWriteHits": 108.933334, 
                "RandomReadMisses": 467.16333, 
                "HostIOs": 7860.2266, 
                "HostWrites": 4209.6367, 
                "SeqReadHits": 552.7033, 
                "ReadResponseTime": 0.1622499, 
                "SeqReadMisses": 119.160034, 
                "WriteResponseTime": 0.6551205, 
                "AvgReadSize": 21.330479, 
                "SeqWriteMisses": 0.006668091, 
                "RandomWriteMisses": 0.12988281, 
                "timestamp": 1494578400000, 
                "PercentRead": 46.443825, 
                "RandomReadHits": 2511.5632, 
                "PercentWrite": 53.556175, 
                "HostMBWritten": 32.340477, 
                "AvgIOSize": 14.119883, 
                "SeqReads": 671.86334, 
                "HostMBs": 108.384254, 
                "HostReads": 3650.5898, 
                "HostMBReads": 76.04378, 
                "PercentHit": 92.538895, 
                "WPCount": 7112.0, 
                "ResponseTime": 0.42621255, 
                "RandomWriteHits": 4100.567
            }
        ]
    }, 
    "id": "55a19662-8057-4612-a6e6-25d33ea62ed7_0", 
    "maxPageSize": 1000
}