{
    "count": 3, 
    "expirationTime": 1494578473253, 
    "resultList": {
        "to": 3, 
        "from": 1, 
        "result": [
            {
                "RandomReads": 4.036667, 
                "AvgWriteSize": 19.124527, 
                "SeqWrites": 10.673333, 
                "RandomWrites": 47.333332, 
                "SeqWriteHits": 10.67, 
                "RandomReadMisses": 0.86000013, 
                "HostIOs": 63.356667, 
                "HostWrites": 58.006664, 
                "SeqReadHits": 1.23, 
                "ReadResponseTime": 0.2953832, 
                "SeqReadMisses": 0.08333337, 
                "WriteResponseTime": 0.3584301, 
                "AvgReadSize": 58.56199, 
                "SeqWriteMisses": 0.0033330917, 
                "RandomWriteMisses": 0.016666412, 
                "timestamp": 1494577800000, 
                "PercentRead": 8.444258, 
                "RandomReadHits": 3.1766667, 
                "PercentWrite": 91.55574, 
                "HostMBWritten": 1.0833496, 
                "AvgIOSize": 22.454727, 
                "SeqReads": 1.3133334, 
                "HostMBs": 1.3893131, 
                "HostReads": 5.3500004, 
                "HostMBReads": 0.30596355, 
                "PercentHit": 98.4795, 
                "WPCount": 352.0, 
                "ResponseTime": 0.35310623, 
                "RandomWriteHits": 47.316666
            }, 
            {
                "RandomReads": 3.97, 
                "AvgWriteSize": 18.565, 
                "SeqWrites": 9.716666, 
                "RandomWrites": 37.693333, 
                "SeqWriteHits": 9.716666, 
                "RandomReadMisses": 0.27999997, 
                "HostIOs": 51.723335, 
                "HostWrites": 47.41, 
                "SeqReadHits": 0.31666666, 
                "ReadResponseTime": 0.15480602, 
                "SeqReadMisses": 0.026666671, 
                "WriteResponseTime": 0.40652415, 
                "AvgReadSize": 9.242658, 
                "SeqWriteMisses": 0.0, 
                "RandomWriteMisses": 0.016666412, 
                "timestamp": 1494578100000, 
                "PercentRead": 8.339241, 
                "RandomReadHits": 3.69, 
                "PercentWrite": 91.66076, 
                "HostMBWritten": 0.8595378, 
                "AvgIOSize": 17.787586, 
                "SeqReads": 0.34333333, 
                "HostMBs": 0.89847004, 
                "HostReads": 4.3133335, 
                "HostMBReads": 0.03893229, 
                "PercentHit": 99.37488, 
                "WPCount": 145.0, 
                "ResponseTime": 0.38553277, 
                "RandomWriteHits": 37.676666
            }, 
            {
                "RandomReads": 3.2033334, 
                "AvgWriteSize": 20.276917, 
                "SeqWrites": 8.33, 
                "RandomWrites": 34.113335, 
                "SeqWriteHits": 8.326667, 
                "RandomReadMisses": 0.3266666, 
                "HostIOs": 45.753338, 
                "HostWrites": 42.443336, 
                "SeqReadHits": 0.1, 
                "ReadResponseTime": 0.1623565, 
                "SeqReadMisses": 0.0066666678, 
                "WriteResponseTime": 0.3877554, 
                "AvgReadSize": 8.195368, 
                "SeqWriteMisses": 0.0033330917, 
                "RandomWriteMisses": 0.010002136, 
                "timestamp": 1494578400000, 
                "PercentRead": 7.2344446, 
                "RandomReadHits": 2.8766668, 
                "PercentWrite": 92.76555, 
                "HostMBWritten": 0.8404492, 
                "AvgIOSize": 19.402884, 
                "SeqReads": 0.10666667, 
                "HostMBs": 0.8669401, 
                "HostReads": 3.31, 
                "HostMBReads": 0.026490886, 
                "PercentHit": 99.2423, 
                "WPCount": 252.0, 
                "ResponseTime": 0.371449, 
                "RandomWriteHits": 34.103333
            }
        ]
    }, 
    "id": "cd26b495-364b-45c0-89bf-96ff3d44dbb9_0", 
    "maxPageSize": 1000
}