{
    "count": 3, 
    "expirationTime": 1494578473206, 
    "resultList": {
        "to": 3, 
        "from": 1, 
        "result": [
            {
                "RandomReads": 2.3933334, 
                "AvgWriteSize": 11.799354, 
                "SeqWrites": 0.8566667, 
                "RandomWrites": 7.4, 
                "SeqWriteHits": 0.8566667, 
                "RandomReadMisses": 0.05000019, 
                "HostIOs": 17.476667, 
                "HostWrites": 8.256667, 
                "SeqReadHits": 6.826667, 
                "ReadResponseTime": 0.09588503, 
                "SeqReadMisses": 0.0, 
                "WriteResponseTime": 0.56946504, 
                "AvgReadSize": 6.451916, 
                "SeqWriteMisses": 0.0, 
                "RandomWriteMisses": 0.0, 
                "timestamp": 1494577800000, 
                "PercentRead": 52.756054, 
                "RandomReadHits": 2.3433332, 
                "PercentWrite": 47.243942, 
                "HostMBWritten": 0.09513997, 
                "AvgIOSize": 8.978256, 
                "SeqReads": 6.826667, 
                "HostMBs": 0.15323243, 
                "HostReads": 9.22, 
                "HostMBReads": 0.05809245, 
                "PercentHit": 99.7139, 
                "WPCount": 38.0, 
                "ResponseTime": 0.3196229, 
                "RandomWriteHits": 7.4
            }, 
            {
                "RandomReads": 20.94, 
                "AvgWriteSize": 205.60544, 
                "SeqWrites": 70.10333, 
                "RandomWrites": 19.876667, 
                "SeqWriteHits": 70.083336, 
                "RandomReadMisses": 8.593334, 
                "HostIOs": 260.37335, 
                "HostWrites": 89.979996, 
                "SeqReadHits": 146.63, 
                "ReadResponseTime": 0.42098013, 
                "SeqReadMisses": 2.8233337, 
                "WriteResponseTime": 3.4295871, 
                "AvgReadSize": 104.61013, 
                "SeqWriteMisses": 0.019996643, 
                "RandomWriteMisses": 0.07333374, 
                "timestamp": 1494578100000, 
                "PercentRead": 65.44193, 
                "RandomReadHits": 12.346666, 
                "PercentWrite": 34.558067, 
                "HostMBWritten": 18.066774, 
                "AvgIOSize": 139.51215, 
                "SeqReads": 149.45334, 
                "HostMBs": 35.473873, 
                "HostReads": 170.39334, 
                "HostMBReads": 17.407099, 
                "PercentHit": 95.57942, 
                "WPCount": 1629.0, 
                "ResponseTime": 1.4606965, 
                "RandomWriteHits": 19.803333
            }, 
            {
                "RandomReads": 53.386665, 
                "AvgWriteSize": 194.39838, 
                "SeqWrites": 92.82333, 
                "RandomWrites": 33.163334, 
                "SeqWriteHits": 92.793335, 
                "RandomReadMisses": 19.149998, 
                "HostIOs": 400.48334, 
                "HostWrites": 125.986664, 
                "SeqReadHits": 204.16333, 
                "ReadResponseTime": 0.36585936, 
                "SeqReadMisses": 16.94667, 
                "WriteResponseTime": 3.3098674, 
                "AvgReadSize": 97.75233, 
                "SeqWriteMisses": 0.02999878, 
                "RandomWriteMisses": 0.08666611, 
                "timestamp": 1494578400000, 
                "PercentRead": 68.54135, 
                "RandomReadHits": 34.236668, 
                "PercentWrite": 31.458652, 
                "HostMBWritten": 23.917582, 
                "AvgIOSize": 128.15587, 
                "SeqReads": 221.11, 
                "HostMBs": 50.12138, 
                "HostReads": 274.49667, 
                "HostMBReads": 26.203798, 
                "PercentHit": 90.95759, 
                "WPCount": 631.0, 
                "ResponseTime": 1.2920046, 
                "RandomWriteHits": 33.076668
            }
        ]
    }, 
    "id": "907ea413-cafa-487d-9507-6d48e281e96d_0", 
    "maxPageSize": 1000
}