{
    "count": 3, 
    "expirationTime": 1494578473050, 
    "resultList": {
        "to": 3, 
        "from": 1, 
        "result": [
            {
                "RandomReads": 6.766667, 
                "AvgWriteSize": 8.651448, 
                "SeqWrites": 0.83666664, 
                "RandomWrites": 27.71, 
                "SeqWriteHits": 0.83666664, 
                "RandomReadMisses": 2.666667, 
                "HostIOs": 37.873333, 
                "HostWrites": 28.546665, 
                "SeqReadHits": 1.9, 
                "ReadResponseTime": 0.4770118, 
                "SeqReadMisses": 0.65999997, 
                "WriteResponseTime": 0.27924964, 
                "AvgReadSize": 45.071835, 
                "SeqWriteMisses": 0.0, 
                "RandomWriteMisses": 0.013332367, 
                "timestamp": 1494577800000, 
                "PercentRead": 24.625946, 
                "RandomReadHits": 4.1, 
                "PercentWrite": 75.37405, 
                "HostMBWritten": 0.24118164, 
                "AvgIOSize": 17.620312, 
                "SeqReads": 2.56, 
                "HostMBs": 0.6516992, 
                "HostReads": 9.326667, 
                "HostMBReads": 0.41051757, 
                "PercentHit": 91.18113, 
                "WPCount": 209.0, 
                "ResponseTime": 0.32795045, 
                "RandomWriteHits": 27.696667
            }, 
            {
                "RandomReads": 6.63, 
                "AvgWriteSize": 8.772891, 
                "SeqWrites": 1.1333333, 
                "RandomWrites": 27.59, 
                "SeqWriteHits": 1.1333333, 
                "RandomReadMisses": 4.0533333, 
                "HostIOs": 37.59, 
                "HostWrites": 28.723333, 
                "SeqReadHits": 1.3566667, 
                "ReadResponseTime": 0.6655718, 
                "SeqReadMisses": 0.88, 
                "WriteResponseTime": 0.28354287, 
                "AvgReadSize": 47.332703, 
                "SeqWriteMisses": 0.0, 
                "RandomWriteMisses": 0.026666641, 
                "timestamp": 1494578100000, 
                "PercentRead": 23.587833, 
                "RandomReadHits": 2.5766666, 
                "PercentWrite": 76.41216, 
                "HostMBWritten": 0.24608073, 
                "AvgIOSize": 17.868315, 
                "SeqReads": 2.2366667, 
                "HostMBs": 0.6559277, 
                "HostReads": 8.866667, 
                "HostMBReads": 0.409847, 
                "PercentHit": 86.805, 
                "WPCount": 211.0, 
                "ResponseTime": 0.37365523, 
                "RandomWriteHits": 27.563334
            }, 
            {
                "RandomReads": 8.643333, 
                "AvgWriteSize": 9.054175, 
                "SeqWrites": 0.95, 
                "RandomWrites": 29.63, 
                "SeqWriteHits": 0.95, 
                "RandomReadMisses": 4.32, 
                "HostIOs": 41.84, 
                "HostWrites": 30.58, 
                "SeqReadHits": 1.5133333, 
                "ReadResponseTime": 0.57105213, 
                "SeqReadMisses": 1.1033332, 
                "WriteResponseTime": 0.29576486, 
                "AvgReadSize": 40.4254, 
                "SeqWriteMisses": 0.0, 
                "RandomWriteMisses": 0.003332138, 
                "timestamp": 1494578400000, 
                "PercentRead": 26.912045, 
                "RandomReadHits": 4.3233333, 
                "PercentWrite": 73.08795, 
                "HostMBWritten": 0.27038738, 
                "AvgIOSize": 17.496813, 
                "SeqReads": 2.6166666, 
                "HostMBs": 0.71490884, 
                "HostReads": 11.26, 
                "HostMBReads": 0.4445215, 
                "PercentHit": 87.02996, 
                "WPCount": 205.0, 
                "ResponseTime": 0.3698503, 
                "RandomWriteHits": 29.626667
            }
        ]
    }, 
    "id": "38ba6c44-2cea-402b-93f4-dada42866533_0", 
    "maxPageSize": 1000
}