{
    "count": 3, 
    "expirationTime": 1494578473159, 
    "resultList": {
        "to": 3, 
        "from": 1, 
        "result": [
            {
                "RandomReads": 0.02, 
                "AvgWriteSize": 9.178188, 
                "SeqWrites": 1.2233334, 
                "RandomWrites": 5.6233335, 
                "SeqWriteHits": 1.2233334, 
                "RandomReadMisses": 0.016666666, 
                "HostIOs": 6.866667, 
                "HostWrites": 6.846667, 
                "SeqReadHits": 0.0, 
                "ReadResponseTime": 0.8156667, 
                "SeqReadMisses": 0.0, 
                "WriteResponseTime": 0.2699898, 
                "AvgReadSize": 16.0, 
                "SeqWriteMisses": 0.0, 
                "RandomWriteMisses": 0.010000229, 
                "timestamp": 1494577800000, 
                "PercentRead": 0.29126212, 
                "RandomReadHits": 0.0033333334, 
                "PercentWrite": 99.70873, 
                "HostMBWritten": 0.061367188, 
                "AvgIOSize": 9.198058, 
                "SeqReads": 0.0, 
                "HostMBs": 0.061679687, 
                "HostReads": 0.02, 
                "HostMBReads": 0.0003125, 
                "PercentHit": 99.61165, 
                "WPCount": 20.0, 
                "ResponseTime": 0.27157912, 
                "RandomWriteHits": 5.613333
            }, 
            {
                "RandomReads": 0.026666667, 
                "AvgWriteSize": 9.255881, 
                "SeqWrites": 1.1966667, 
                "RandomWrites": 5.7466664, 
                "SeqWriteHits": 1.1966667, 
                "RandomReadMisses": 0.023333333, 
                "HostIOs": 6.97, 
                "HostWrites": 6.943333, 
                "SeqReadHits": 0.0, 
                "ReadResponseTime": 1.8943748, 
                "SeqReadMisses": 0.0, 
                "WriteResponseTime": 0.28039992, 
                "AvgReadSize": 16.0, 
                "SeqWriteMisses": 0.0, 
                "RandomWriteMisses": 0.0033330917, 
                "timestamp": 1494578100000, 
                "PercentRead": 0.38259208, 
                "RandomReadHits": 0.0033333334, 
                "PercentWrite": 99.61741, 
                "HostMBWritten": 0.06276042, 
                "AvgIOSize": 9.281684, 
                "SeqReads": 0.0, 
                "HostMBs": 0.06317709, 
                "HostReads": 0.026666667, 
                "HostMBReads": 0.00041666668, 
                "PercentHit": 99.61742, 
                "WPCount": 21.0, 
                "ResponseTime": 0.28657487, 
                "RandomWriteHits": 5.7433333
            }, 
            {
                "RandomReads": 0.04, 
                "AvgWriteSize": 9.134577, 
                "SeqWrites": 1.21, 
                "RandomWrites": 5.576667, 
                "SeqWriteHits": 1.21, 
                "RandomReadMisses": 0.02, 
                "HostIOs": 6.8300004, 
                "HostWrites": 6.786667, 
                "SeqReadHits": 0.0, 
                "ReadResponseTime": 0.84869236, 
                "SeqReadMisses": 0.0033333334, 
                "WriteResponseTime": 0.26058695, 
                "AvgReadSize": 19.230768, 
                "SeqWriteMisses": 0.0, 
                "RandomWriteMisses": 0.010000229, 
                "timestamp": 1494578400000, 
                "PercentRead": 0.6344558, 
                "RandomReadHits": 0.02, 
                "PercentWrite": 99.36554, 
                "HostMBWritten": 0.060540363, 
                "AvgIOSize": 9.198632, 
                "SeqReads": 0.0033333334, 
                "HostMBs": 0.061354164, 
                "HostReads": 0.043333333, 
                "HostMBReads": 0.00081380206, 
                "PercentHit": 99.51195, 
                "WPCount": 17.0, 
                "ResponseTime": 0.2643182, 
                "RandomWriteHits": 5.5666666
            }
        ]
    }, 
    "id": "b33d128d-65db-44ef-8311-9e139894a564_0", 
    "maxPageSize": 1000
}