{
    "count": 3, 
    "expirationTime": 1494578474878, 
    "resultList": {
        "to": 3, 
        "from": 1, 
        "result": [
            {
                "MBWritten": 0.35051107, 
                "timestamp": 1494577800000, 
                "Writes": 31.95, 
                "MBRead": 0.18690105, 
                "Reads": 11.286667, 
                "PercentBusy": 0.032801032
            }, 
            {
                "MBWritten": 4.713971, 
                "timestamp": 1494578100000, 
                "Writes": 68.37334, 
                "MBRead": 4.4159408, 
                "Reads": 45.943333, 
                "PercentBusy": 0.55724555
            }, 
            {
                "MBWritten": 6.4117384, 
                "timestamp": 1494578400000, 
                "Writes": 79.95, 
                "MBRead": 6.648428, 
                "Reads": 69.746666, 
                "PercentBusy": 0.7971292
            }
        ]
    }, 
    "id": "82db7c65-6faa-4eb5-8896-816f6df73e5f_0", 
    "maxPageSize": 1000
}