{
    "count": 3, 
    "expirationTime": 1494578473347, 
    "resultList": {
        "to": 3, 
        "from": 1, 
        "result": [
            {
                "RandomReads": 63.79, 
                "AvgWriteSize": 31.984604, 
                "SeqWrites": 6.1566668, 
                "RandomWrites": 162.91333, 
                "SeqWriteHits": 6.1566668, 
                "RandomReadMisses": 33.74, 
                "HostIOs": 275.18665, 
                "HostWrites": 169.06999, 
                "SeqReadHits": 31.053333, 
                "ReadResponseTime": 0.22899684, 
                "SeqReadMisses": 11.2733345, 
                "WriteResponseTime": 0.3462023, 
                "AvgReadSize": 16.160671, 
                "SeqWriteMisses": 0.0, 
                "RandomWriteMisses": 0.0, 
                "timestamp": 1494577800000, 
                "PercentRead": 38.561707, 
                "RandomReadHits": 30.05, 
                "PercentWrite": 61.438297, 
                "HostMBWritten": 5.280895, 
                "AvgIOSize": 25.882627, 
                "SeqReads": 42.326668, 
                "HostMBs": 6.9556184, 
                "HostReads": 106.11667, 
                "HostMBReads": 1.6747233, 
                "PercentHit": 83.64262, 
                "WPCount": 156.0, 
                "ResponseTime": 0.3010059, 
                "RandomWriteHits": 162.91333
            }, 
            {
                "RandomReads": 6.0466666, 
                "AvgWriteSize": 26.91164, 
                "SeqWrites": 2.2533333, 
                "RandomWrites": 139.13333, 
                "SeqWriteHits": 2.2533333, 
                "RandomReadMisses": 2.2433333, 
                "HostIOs": 148.23, 
                "HostWrites": 141.38666, 
                "SeqReadHits": 0.43, 
                "ReadResponseTime": 0.44450414, 
                "SeqReadMisses": 0.36666667, 
                "WriteResponseTime": 0.26639804, 
                "AvgReadSize": 25.858255, 
                "SeqWriteMisses": 0.0, 
                "RandomWriteMisses": 0.003326416, 
                "timestamp": 1494578100000, 
                "PercentRead": 4.616699, 
                "RandomReadHits": 3.8033333, 
                "PercentWrite": 95.3833, 
                "HostMBWritten": 3.7157683, 
                "AvgIOSize": 26.863007, 
                "SeqReads": 0.7966667, 
                "HostMBs": 3.8885775, 
                "HostReads": 6.8433332, 
                "HostMBReads": 0.17280924, 
                "PercentHit": 98.23698, 
                "WPCount": 237.0, 
                "ResponseTime": 0.27462065, 
                "RandomWriteHits": 139.13
            }, 
            {
                "RandomReads": 4.0933332, 
                "AvgWriteSize": 26.408213, 
                "SeqWrites": 2.0966666, 
                "RandomWrites": 133.54333, 
                "SeqWriteHits": 2.0966666, 
                "RandomReadMisses": 1.2866666, 
                "HostIOs": 140.51, 
                "HostWrites": 135.64, 
                "SeqReadHits": 0.41666666, 
                "ReadResponseTime": 0.41018754, 
                "SeqReadMisses": 0.35999998, 
                "WriteResponseTime": 0.26363134, 
                "AvgReadSize": 21.832993, 
                "SeqWriteMisses": 0.0, 
                "RandomWriteMisses": 0.0, 
                "timestamp": 1494578400000, 
                "PercentRead": 3.4659457, 
                "RandomReadHits": 2.8066666, 
                "PercentWrite": 96.53406, 
                "HostMBWritten": 3.4980567, 
                "AvgIOSize": 26.24964, 
                "SeqReads": 0.77666664, 
                "HostMBs": 3.6018913, 
                "HostReads": 4.87, 
                "HostMBReads": 0.10383464, 
                "PercentHit": 98.82808, 
                "WPCount": 186.0, 
                "ResponseTime": 0.2687109, 
                "RandomWriteHits": 133.54333
            }
        ]
    }, 
    "id": "ed3acc16-026a-45e1-ad71-975b41216f2a_0", 
    "maxPageSize": 1000
}